start_at,end_before,person
2022-12-26T17:00:00Z,2022-12-28T14:18:21Z,alice
2022-12-28T14:18:21Z,2022-12-28T15:42:19Z,evan
2022-12-28T15:42:19Z,2022-12-29T14:00:00Z,daria
2022-12-29T14:00:00Z,2022-12-30T17:00:00Z,alice
2023-01-02T17:00:00Z,2023-01-04T17:00:00Z,daria
2023-01-04T17:00:00Z,2023-01-04T18:00:00Z,alice
2023-01-04T18:00:00Z,2023-01-05T17:00:00Z,bob
2023-01-05T17:00:00Z,2023-01-06T13:30:00Z,daria
2023-01-06T13:30:00Z,2023-01-06T17:00:00Z,alice
2023-01-09T17:00:00Z,2023-01-10T23:00:00Z,evan
2023-01-10T23:00:00Z,2023-01-11T02:59:37Z,alice
2023-01-11T02:59:37Z,2023-01-12T23:00:00Z,evan
2023-01-12T23:00:00Z,2023-01-13T03:52:22Z,bob
2023-01-13T03:52:22Z,2023-01-13T17:00:00Z,evan
2023-01-16T17:00:00Z,2023-01-18T01:15:10Z,evan
2023-01-18T01:15:10Z,2023-01-20T17:00:00Z,felix
2023-01-23T17:00:00Z,2023-01-27T17:00:00Z,cindy
2023-01-30T17:00:00Z,2023-01-31T12:00:00Z,evan
2023-01-31T12:00:00Z,2023-02-01T17:00:00Z,bob
2023-02-01T17:00:00Z,2023-02-01T19:20:01Z,evan
2023-02-01T19:20:01Z,2023-02-02T01:00:00Z,felix
2023-02-02T01:00:00Z,2023-02-02T03:00:00Z,evan
2023-02-02T03:00:00Z,2023-02-03T17:00:00Z,bob
2023-02-06T17:00:00Z,2023-02-10T17:00:00Z,alice
2023-02-13T17:00:00Z,2023-02-17T17:00:00Z,daria
2023-02-20T17:00:00Z,2023-02-24T17:00:00Z,felix
2023-02-27T17:00:00Z,2023-03-03T17:00:00Z,evan
2023-03-06T17:00:00Z,2023-03-10T17:00:00Z,bob
2023-03-13T16:00:00Z,2023-03-17T16:00:00Z,cindy
2023-03-20T16:00:00Z,2023-03-24T16:00:00Z,alice
2023-03-27T16:00:00Z,2023-03-31T16:00:00Z,daria
2022-12-26T05:00:00Z,2022-12-26T17:00:00Z,felix
2022-12-28T14:18:21Z,2022-12-28T15:42:19Z,evan
2022-12-28T15:42:19Z,2022-12-29T14:00:00Z,daria
2022-12-30T17:00:00Z,2023-01-02T17:00:00Z,evan
2023-01-06T17:00:00Z,2023-01-06T18:23:59Z,bob
2023-01-06T18:23:59Z,2023-01-06T20:28:00Z,felix
2023-01-06T20:28:00Z,2023-01-09T17:00:00Z,bob
2023-01-10T23:00:00Z,2023-01-11T02:59:37Z,alice
2023-01-11T02:59:37Z,2023-01-11T04:00:00Z,evan
2023-01-12T23:00:00Z,2023-01-13T03:52:22Z,bob
2023-01-13T03:52:22Z,2023-01-13T04:52:21Z,evan
2023-01-13T17:00:00Z,2023-01-16T17:00:00Z,cindy
2023-01-20T17:00:00Z,2023-01-23T17:00:00Z,alice
2023-01-27T17:00:00Z,2023-01-30T17:00:00Z,daria
2023-01-30T17:00:00Z,2023-01-31T12:00:00Z,evan
2023-02-03T17:00:00Z,2023-02-05T16:01:03Z,evan
2023-02-05T16:01:03Z,2023-02-06T17:00:00Z,evan
2023-02-10T17:00:00Z,2023-02-13T17:00:00Z,felix
2023-02-17T17:00:00Z,2023-02-20T17:00:00Z,bob
2023-02-24T17:00:00Z,2023-02-27T17:00:00Z,cindy
2023-03-03T17:00:00Z,2023-03-06T17:00:00Z,alice
2023-03-10T17:00:00Z,2023-03-13T16:00:00Z,daria
2023-03-17T16:00:00Z,2023-03-20T16:00:00Z,felix
2023-03-24T16:00:00Z,2023-03-27T16:00:00Z,evan
2023-03-31T16:00:00Z,2023-04-03T04:00:00Z,bob
