2022-11-22T00:00:00Z,2022-11-22T12:00:00-05:00,alice
2022-11-22T12:00:00-05:00,2022-11-25T12:00:00-05:00,bob
2022-11-25T12:00:00-05:00,2022-11-28T12:00:00-05:00,alice
2022-11-28T12:00:00-05:00,2022-12-02T12:00:00-05:00,bob
2022-12-02T12:00:00-05:00,2022-12-04T00:00:00Z,cindy
2022-12-04T00:00:00Z,2022-12-12T00:00:00Z,bob
2022-12-12T00:00:00Z,2022-12-16T12:00:00-05:00,alice
2022-12-16T12:00:00-05:00,2022-12-19T12:00:00-05:00,bob
2022-12-19T12:00:00-05:00,2022-12-23T12:00:00-05:00,cindy
2022-12-23T12:00:00-05:00,2022-12-26T12:00:00-05:00,bob
2022-12-26T12:00:00-05:00,2022-12-30T12:00:00-05:00,alice
2022-12-30T12:00:00-05:00,2023-01-02T12:00:00-05:00,cindy
2023-01-02T12:00:00-05:00,2023-01-03T11:15:00Z,bob
2023-01-03T11:15:00Z,2023-01-03T13:15:00Z,cindy
2023-01-03T13:15:00Z,2023-01-06T12:00:00-05:00,bob
2023-01-06T12:00:00-05:00,2023-01-09T12:00:00-05:00,cindy
2023-01-09T12:00:00-05:00,2023-01-13T07:42:00Z,bob
